Index,Latitude,Longitude,Description
1,3° 55.95' N,98° 44.38' E,"While anchored, the crew on duty spotted three perpetrators NA Pacific 2024 CHEMICAL (Ports/Anchorages) Customary in a small wooden boat, attempting to climb onboard the ship TANKER Anchorage, via anchor chain. The crew shouted at the perpetrators, who Indonesia escaped immediately in their boat. Ship horn was also sounded to further deter the perpetrators. The master reported the incident to Belawan VTS."
2,1° 3.28' N,103° 40.27' E,"While underway, five perpetrators were sighted in the 3 Hedonist Theft 2024 CARRIER & Singapore 3.2 nm west of Sailing steering gear room, and one of them carried a gun-like Pulau Cula object. (Indonesia), in the eastbound The master raised the alarm and mustered the crew to lane of the conduct a search. No perpetrators were sighted and some Traffic engine spares were missing. There were no injuries to crew. Separation Scheme (TSS) The incident was reported to Singapore Vessel Traffic Information System (VTIS) West. A safety broadcast on anti- piracy watch was issued to warn all ships to maintain a vigilant watch at all times in the Singapore Strait. The Republic of Singapore Navy (RSN)’s Maritime Security Task Force (MSTF) and Singapore Police Coast Guard (PCG) were notified of the incident, The PCG boarded the ship upon her arrival in Singapore and conducted a search. No perpetrators were found onboard. Information of the incident was also shared with the Indonesian authorities."
3,1° 3.75' N,103° 39.81' E,"While underway, the engine crew sighted three perpetrators 4 Theft 2024 & Singapore 3.2 nm west of Sailing near the engine room of the ship. The master raised a general Pulau Cula emergency alarm and mustered the crew to conduct a search (Indonesia), in onboard. No perpetrators were found and nothing was the eastbound stolen. The crew was not injured and no further assistance lane of the TSS was required. The ship resumed her voyage to Daesan, Republic of Korea. The master reported the incident to Singapore VTIS. Safety broadcasts on anti-piracy watch was initiated to warn all ships to maintain a vigilant watch at all times in the Singapore Strait. The RSN’s MSTF and Singapore PCG were notified of the incident. Information of the incident was shared with the Indonesian authorities."
4,14° 32.73' N,120° 52.08' E,"While at anchor, four perpetrators boarded the ship. The duty 4 Lumaco Theft 2024 CHINA SHIP (Ports/Anchorages) 4 nm west off roving sighted the perpetrators at deck forward near the South Harbor boatswain store entrance, and immediately reported to the Anchorage duty watch officer, who raised the alarm and reported to Area, Vessel Traffic Management System (VTMS) Manila. The crew Philippines was mustered and proceeded to the location of the perpetrators but they had already escaped. A Philippine Coast Guard (PCG) Maritime Patrol (MARPAT) team was dispatched to the location of the ship for investigation. The MARPAT team conducted a perimeter check around the ship twice, and confirmed that the perpetrators had already escaped. Further investigation revealed that nothing was stolen and the crew was not injured."
5,9° 59' N,107° 4' E,"While at anchor, an unknown number of perpetrators 4 Theft 2024 SHIP (Ports/Anchorages) Anchorage, Ho boarded the ship unnoticed, broke the padlock of paint store, Chi Minh City, stole 350 litres of paint and escaped. The crew on-duty Vietnam discovered the theft after the perpetrators had left. Barefoot prints were later found around the deck. All crew members are reported to be safe. The CSO was notified of the incident, and the incident was reported to the local authorities, who boarded the ship for investigation."
6,1° 4.81' N,103° 41.9' E,"While underway, the crew spotted four to five perpetrators, 3 Theft 2024 CHINA CARRIER & Singapore 2.5 nm Sailing of which three perpetrators carried long knives and one northwest of perpetrator carried a gun-like object, in the engine room. Pulau Cula The master raised the alarm and mustered the crew to (Indonesia), in conduct a search. No perpetrators were found and some the eastbound engine spare parts were stolen. All crew members were lane of the TSS accounted for, and there were no reported injuries. No further assistance was required. The master reported to Singapore VTIS. Safety broadcasts on anti-piracy watch was initiated to warn all ships to maintain a vigilant watch at all times in the Singapore Strait. The RSN’s MSTF and Singapore PCG were notified of the incident. Information of the incident was shared with the Indonesian authorities. Upon the ship’s arrival at Singapore anchorage, PCG boarded the ship, conducted a security search and found no perpetrators onboard."
7,1° 4.5' N,103° 34.9' E,"While underway, the crew spotted six perpetrators armed 3 Theft 2024 CARRIER & Singapore 8.1 nm west of Sailing with knives in the engine room. The master raised the alarm Pulau Cula and mustered the crew to conduct a search. No perpetrators (Indonesia), in were found and some engine spare parts were stolen. All the eastbound crew members were accounted for, and there were no lane of the TSS reported injuries. No further assistance was required. The master reported the incident to Singapore VTIS West. Safety broadcasts on anti-piracy watch was initiated to warn all ships to maintain a vigilant watch at all times in the Singapore Strait. The RSN’s MSTF and Singapore PCG were notified of the incident. Information of the incident was shared with the Indonesian authorities."
8,1° 25.45' N,104° 30.55' E,"While the tug boat towing barge was enroute from Jurong 4 LKH 2882 Theft 2024 BARGE 8.4 nm Sailing Port, Singapore to Cigading, Indonesia, the master spotted northeast from four small boats, each carrying three to five persons, Horsburgh approaching the barge. The barge was carrying a cargo load Lighthouse of scrap metal. About two to three perpetrators boarded the barge and transferred scrap metals from the barge to their boats. The master sounded the ship horn continuously and altered course to starboard heading towards Cigading. The perpetrators escaped immediately in their small boats. The crew was not injured. All deck crew continued to perform deck lookout and sounded the ship horn to deter small boats from approaching."
9,1° 4.55' N,103° 41.62' E,"While underway and bound for Singapore port, the 3 Harvonne Theft 2024 & Singapore 2.4 nm Sailing motorman was at the poop deck checking the funnel when northwest of he was attacked by a perpetrator armed with knife, while Pulau Cula another perpetrator was trying to board the ship. The (Indonesia), in motorman managed to free himself from the perpetrator, ran the eastbound to the engine control room and subsequently notified the lane of the TSS bridge. Master raised the alarm and made announcement on PA system. All crew members mustered at muster stations and accounted for. The CSO was informed, and first aid was administered to the motorman. Two search parties were also activated to comb the ship, and a knife and bags were found on the main deck. Nothing was stolen. The incident was reported to Singapore MRCC and the ship subsequently anchored at Singapore Anchorage at 0530 hrs. The injured motorman was conveyed to the Singapore General Hospital, and is in a stable condition. Singapore MRCC initiated a navigational broadcast to alert mariners. Information of the incident was shared with the Indonesian authorities. Singapore PCG boarded the ship and investigation is ongoing."
10,1° 3.5' N,103° 39.8' E,"While underway, the perpetrators boarded the ship 4 Theft 2024 & Singapore 3.1 nm Sailing unnoticed and stole one unit of breathing apparatus northwest of compressor. The padlock of the emergency generator room Pulau Cula was cut and two fire hoses from the poop deck were rigged, (Indonesia), in assessed to be used to lower the compressor to a waiting the eastbound boat. The crew was not injured. lane of the TSS The master reported the incident to the International Maritime Bureau (IMB), Kuala Lumpur. Safety navigational broadcast was initiated. The RSN’s MSTF and Singapore PCG were notified of the incident."
11,1° 3.66' N,103° 39.85' E,"While underway, the crew spotted eight unarmed 4 Theft 2024 CARRIER & Singapore 3.1 nm Sailing perpetrators in the steering gear room. Master raised the northwest of alarm and mustered all crew to conduct search but no Pulau Cula perpetrators were found. All crew members were accounted (Indonesia), in for, and there were no reported injuries. Some engine spare the eastbound parts were stolen. lane of the TSS The master reported the incident to the Singapore VTIS. Safety navigational broadcast was initiated. The RSN’s MSTF and Singapore PCG were notified of the incident. PCG boarded the ship at Singapore Anchorage and conducted search but found no perpetrators. Information of the incident was shared with the Indonesian authorities."
12,1° 4' N,103° 40.4' E,"While underway, the crew spotted six perpetrators armed 3 Augustus Theft 2024 ISLANDS CARRIER & Singapore 2.8 nm Sailing with knives in the steering gear room. The master raised the northwest of alarm and crew mustered to conduct a search, but no Pulau Cula perpetrator was found. All crew members were accounted (Indonesia), in for, and there were no reported injuries. Nothing was the eastbound stolen. lane of the TSS The master reported the incident to the Singapore VTIS. Safety navigational broadcast was initiated. The RSN’s MSTF and Singapore PCG were notified of the incident. PCG boarded the ship at Singapore Anchorage and conducted search but found no perpetrators. Information of the incident was shared with the Indonesian authorities."
13,3° 47.3' N,98° 42.15' E,"While at berth during cargo operations, the Chief Officer NA 2024 CARGO SHIP (Ports/Anchorages) Belawan, noticed people talking from the port seaward side of the ship Indonesia when he was conducting his rounds on deck. He saw a wooden boat with four perpetrators and a perpetrator attempting to climb onto the ship using a rope. The Chief Officer shouted at the perpetrators, who escaped immediately. The crew was not injured and nothing was stolen. Master and crew conducted a security debrief and implemented additional measures such as adding extra watchkeepers immediately."
14,1° 8.02' N,103° 45.4' E,"While underway, the crew spotted about eight perpetrators, 2 Miracle Theft 2024 CARRIER & Singapore 6 nm northeast Sailing of whom four were armed with knives, in the engine control of Pulau Cula room. Master raised the alarm and mustered all crew to (Indonesia), in conduct search but no perpetrators were found. All crew the eastbound members were accounted for, and there were no reported lane of the TSS injuries. No further assistance was required. The master reported the incident to the Singapore VTIS. Safety navigational broadcast was initiated. The RSN’s MSTF and Singapore PCG were notified of the incident. Information of the incident was shared with the Indonesian authorities. Upon the ship’s arrival at Singapore Anchorage, PCG boarded the ship, conducted a search onboard and found no perpetrators. PCG reported that a crew member’s legs and hands were tied by the perpetrators, and engine spare parts were reported missing."
15,1° 5.17' N,103° 43.62' E,"While underway, two perpetrators were sighted at the aft 4 Theft 2024 CARRIER & Singapore 2.8 nm north Sailing mooring station of the ship. The alarm was raised and all crew from Pulau Cula mustered to conduct a search. No perpetrators were found (Indonesia), in onboard. The crew members were not injured and nothing the eastbound was stolen. lane of the TSS The master reported the incident to the Singapore VTIS. Safety navigational broadcast was initiated. The RSN’s MSTF and Singapore PCG were notified of the incident. PCG boarded the ship at anchorage and carried out a search. But no perpetrator was found onboard. Information of the incident was shared with the Indonesian authorities."
16,1° 3.9' N,103° 41.3' E,"While underway, six perpetrators armed with knives were 3 Theft 2024 CARRIER & Singapore 2.07 nm Sailing sighted in the engine room and at poop deck. The general northwest from emergency alarm was raised and all crew mustered to Pulau Cula conduct a search. No perpetrators were found onboard. All (Indonesia), in crew was accounted for with no injuries. Some engine the eastbound spares were stolen and one padlock was broken. lane of the TSS The master reported the incident to the Singapore VTIS. Safety navigational broadcast was initiated. The RSN’s MSTF and Singapore PCG were notified of the incident. PCG boarded the ship and carried out a search. But no perpetrator was found onboard. Information of the incident was shared with the Indonesian authorities."
17,1° 3.7' N,103° 42.1' E,"While underway, two perpetrators armed with knives were 3 Confidence Theft 2024 CARRIER & Singapore 1.46 nm Sailing sighted in the engine room. The master raised general alarm northwest from and all crew mustered safely in the wheelhouse. The crew did Pulau Cula not conduct search but wait for PCG’s assistance. There were (Indonesia), in no injuries. Some spare parts were stolen. the eastbound lane of the TSS The ship agent reported the incident to the Singapore VTIS via telephone. Safety navigational broadcast was initiated. The RSN’s MSTF and Singapore PCG were notified of the incident. PCG boarded the ship on her arrival at Singapore Anchorage but did not find any perpetrator. Information of the incident was shared with the Indonesian authorities."
18,21° 23.44' N,91° 48.63' E,"While at anchor, 11 perpetrators boarded the ship. The alert 4 Princess Theft 2024 CARRIER (Ports/Anchorages) Anchorage, duty crew noticed the perpetrators and immediately raised Bangladesh the alarm. The crew was mustered and engaged in defensive actions against the perpetrators, which resulted in the perpetrators escaping empty-handed. The incident was reported to the Port Authority and Bangladesh Navy."
19,1° 4.7' N,103° 41.7' E,"While underway, four perpetrators were sighted in the 4 Theft 2024 ISLANDS CARRIER & Singapore 2.5 nm Sailing engine room. The master raised general alarm and carried out northwest from a search. No perpetrator was found onboard and nothing was Pulau Cula lost. All crew members were accounted for and there were (Indonesia), in no injuries. the eastbound lane of the TSS The master reported the incident to the Singapore VTIS Central. Safety navigational broadcast was initiated. The RSN’s MSTF and Singapore PCG were notified of the incident. PCG boarded the ship and carried out a security search. But no perpetrator was found onboard. Information of the incident was shared with the Indonesian authorities."
20,1° 5.8' N,103° 44.1' E,"While underway, three perpetrators were sighted in the 4 Theft 2024 CARRIER & Singapore 3.7 nm north Sailing engine room. The master raised alarm and all crew mustered from Pulau Cula to conduct a search, but no perpetrator was found. The crew (Indonesia), in members were not injured. Some ship stores were reported the eastbound stolen. lane of the TSS The master reported the incident to the Singapore VTIS West. Safety navigational broadcast was initiated. The RSN’s MSTF and Singapore PCG were notified of the incident. PCG boarded the ship and carried out a security search, but did not find any perpetrator. Information of the incident was shared with the Indonesian authorities."
21,21° 52' N,91° 45' E,"While at anchor, the crew sighted 10 perpetrators with 2 Theft 2024 CARRIER (Ports/Anchorages) Anchorage, knives and bats at the port quarter deck of the ship. The Kutubdia, perpetrators tied up three local watchmen and injured one Bangladesh of them on the leg. One ship crew was also assaulted and was slight injured on the head. Some ship property/stores were stolen. After receiving the incident information, Bangladesh Coast Guard (BCG) started investigation of the incident onboard the ship."
22,1° 3.5' N,103° 37.1' E,"While underway, two to three perpetrators in a boat NA 2024 ISLANDS CARRIER & Singapore 5.7 nm Sailing attempted to board the ship from the starboard quarter. northwest from Upon raising the alarm and switching on the deck lights, the Pulau Cula perpetrator’s boat moved off southward. (Indonesia), in the eastbound The master reported the incident to the Singapore VTIS. lane of the TSS Safety navigational broadcast was initiated. The RSN’s MSTF and Singapore PCG were notified of the incident. Information of the incident was shared with the Indonesian authorities."
23,1° 2.86' N,103° 38.36' E,"While underway, seven to eight perpetrators were sighted in 2 Theft 2024 CHINA CARGO SHIP & Singapore 4.3 nm Sailing the engine room and workshop. They entered the engine northwest from room by breaking the lock of the aft steering room door. One Pulau Cula of the robbers had a gun-like weapon and threatened the (Indonesia), in third engineer in the workshop. The master raised alarm and the eastbound all crew mustered to conduct a search, but no perpetrator lane of the TSS was found. Some tools and engine spare parts were reported stolen. The crew members were not injured. The master reported the incident to the Singapore VTIS. Safety navigational broadcast was initiated. The RSN’s MSTF and Singapore PCG were notified of the incident. Information of the incident was shared with the Indonesian authorities."
24,1° 2.73' N,103° 38.8' E,"While underway, one perpetrator armed with gun-like 3 Theft 2024 CARRIER & Singapore 4.2 nm Sailing object was sighted on deck. The crew locked themselves in northwest from their cabins and conducted a search later during daylight. All Pulau Cula crew members were accounted for and there were no (Indonesia), in injuries. The crew was unable to confirm if anything was the eastbound stolen. lane of the TSS The master reported the incident to the Singapore VTIS. Safety navigational broadcast was initiated. The RSN’s MSTF and Singapore PCG were notified of the incident. Information of the incident was shared with the Indonesian authorities."
25,1° 2.73' N,103° 38.8' E,"While underway, five perpetrators armed with metal rods 3 Theft 2024 & Singapore 4.2 nm Sailing were sighted in the engine room. The alarm was raised and northwest from all crew mustered to conduct a search. The crew members Pulau Cula were accounted for and there were no injuries. Nothing was (Indonesia), in stolen from the ship. the eastbound lane of the TSS The master reported the incident to the Singapore VTIS. Safety navigational broadcast was initiated. The RSN’s MSTF and Singapore PCG were notified of the incident. Information of the incident was shared with the Indonesian authorities."
26,1° 4.22' N,103° 41.17' E,"While underway, three to four perpetrators were sighted in 3 Trader Theft 2024 CARRIER & Singapore 2.3 nm Sailing the engine room. Two people were armed with machetes northwest from and one person carried a gun-like object. The alarm was Pulau Cula raised and all crew mustered at the bridge. The search was (Indonesia), in not conducted and the suspected perpetrators were still on the eastbound board at that time. Singapore PCG later boarded the ship at lane of the TSS anchorage and conducted a thorough search. But no perpetrators were found. All crew members were accounted for and there were no injuries. Some engine spares were stolen. The master reported the incident to the Singapore VTIS West. Safety navigational broadcast was initiated. The RSN’s MSTF and Singapore PCG were notified of the incident. Information of the incident was shared with the Indonesian authorities."
27,1° 2.6' N,103° 39.1' E,"While underway, some perpetrators were sighted at the poop 4 Theft 2024 & Singapore 3.6 nm Sailing deck. A high speed craft approached the ship from stern but northwest from was not detected by radars. The master raised the alarm and Pulau Cula mustered all crew to conduct a search. The crew members (Indonesia), in were not injured. 12 pieces of ME fuel injection valves were the eastbound stolen. lane of the TSS The master reported the incident to the Singapore VTIS. Safety navigational broadcast was initiated. The RSN’s MSTF and Singapore PCG were notified of the incident. Information of the incident was shared with the Indonesian authorities."
28,1° 8.23' N,103° 45.39' E,"While underway, the deck rover heard some noise at the port NA 2024 CARRIER & Singapore 6.7 nm Sailing side poop deck. Upon verifying using the Aldis lamp, he northeast of sighted one perpetrator planning to board the ship through a Pulau Cula pole with a hook. The deck rover shouted at the perpetrator, (Indonesia), in who immediately jumped back to a small boat which another the eastbound perpetrator manoeuvred away. lane of the TSS The general alarm was raised and the crew carried out a thorough search to ensure no other perpetrator onboard the ship. Nothing was stolen and crew members were safe. The incident was reported to Singapore Vessel Traffic Information System (VTIS). Safety navigational broadcast was initiated. The Republic of Singapore Navy's (RSN) Maritime Security Task Force (MSTF) and Singapore Police Coast Guard (PCG) were notified of the incident."
31,1° 5.18' N,103° 42.37' E,"While underway, one perpetrator was sighted in the engine 4 Theft 2024 CARRIER & Singapore 2.8 nm north of Sailing room of the ship. The alarm was raised and all crew mustered Pulau Cula to conduct a search. No perpetrators were found and nothing (Indonesia), in was stolen. All crew members were accounted for, and were the eastbound safe. lane of TSS This incident was reported to Singapore VTIS West. Safety navigational broadcast was initiated. The RSN’s MSTF and Singapore PCG were notified of the incident. The PCG boarded the ship upon her arrival at Singapore Anchorage, and conducted a search. No perpetrators were found onboard. Information of the incident was shared with the Indonesian authorities."
32,1° 7.88' N,103° 30.33' E,"While underway, 10 perpetrators armed with knives were 2 Theft 2024 CARRIER & Singapore 5.5 nm east of Sailing sighted in the engine room of the ship. The alarm was raised Pulau Karimun and crew mustered to conduct a search onboard the ship. No Kecil perpetrators were found and some engine spare parts were (Indonesia), in stolen. All crew members were accounted for without the eastbound injury. lane of the TSS The master reported the incident to Singapore VTIS West. Safety navigational broadcast was initiated. The RSN’s MSTF and Singapore PCG were notified of the incident. Upon the ship’s arrival at Singapore Anchorage, PCG boarded the ship and conducted a thorough search onboard but did not find any perpetrators. Information of the incident was shared with the Indonesian authorities."
33,1° 7.83' N,103° 29.42' E,"While underway, five perpetrators armed with knives were 3 Theft 2024 ISLANDS CARRIER & Singapore 4.6 nm east of sailing sighted in the engine room of the ship. The alarm was raised Pulau Karimun and all crew mustered to conduct a search. No perpetrators Kecil were found and nothing was stolen. All crew members were (Indonesia), in accounted for and safe. the eastbound lane of the TSS The incident was reported to Singapore VTIS West. Safety navigational broadcast was initiated. The RSN’s MSTF and Singapore PCG were notified of the incident. The PCG boarded the ship upon her arrival at Singapore Anchorage, and conducted a search. No perpetrators were found onboard. Information of the incident was shared with the Indonesian authorities."
34,3° 53.9' N,98° 48' E,"While at anchor, the duty AB noticed someone hiding in the 3 Theft 2024 (Ports/Anchorages) Anchorage, hawse pipe and sighted a small boat near to the ship anchor Indonesia chain. The duty AB immediately reported the sighting to the Officer of the Watch (OOW) and shouted at the boat man to deter the perpetrators. The duty AB retreated to the accommodation block and updated OOW. He subsequently spotted another perpetrator at the starboard winch holding a machete. The OOW raised ship alarm and announced via the PA system of the armed perpetrators onboard. The perpetrators then escaped from the ship. A search was conducted onboard. No suspicious person was discovered. All crew members were safe and some unsecured items were stolen. The incident was reported to the local agent and the ship’s security watch manning was increased from two to four men. Shore duty watchmen service was also engaged for the remaining days at Medan Anchorage. The company initiated an investigation into this incident."
35,5° 30.05' S,105° 17.25' E,"While at anchor, the ship was awaiting berthing instructions 4 Constellation Theft 2024 ISLANDS CARRIER (Ports/Anchorages) Anchorage, when the duty AB saw one perpetrator climbing the ship Indonesia railing from aft poop deck. The duty AB shouted at the perpetrator and alerted the duty officer. On seeing the duty AB, the perpetrator jumped into the water and escaped in a small boat, with three other perpetrators in the boat. The duty officer immediately reported to the master and the VTS. The crew was not injured and old spare parts of generator were stolen. The incident was reported to Panjang VTS, and shared with the flag State."
36,21° 48.7' N,91° 47.9' E,"While at anchor, the local watchmen onboard noticed two 2 Advance Theft 2024 ISLANDS CARRIER (Ports/Anchorages) Anchorage, perpetrators on the forward deck and raised the alarm. On Bangladesh hearing the alarm, the perpetrator escaped in a small boat. There were 10-12 perpetrators in total, among whom, two boarded the ship by throwing grapnel and rope. The crew and watchmen were safe, but two mobile phones were snatched and some ship property/stores were stolen. The incident was not reported to the BCG immediately. The BCG was informed of the incident four days later through IMB. An investigation was carried out by BCG."
37,1° 4.74' N,103° 43.08' E,"While underway, five perpetrators armed with knives were 3 Theft 2024 & Singapore 2.3 nm north of Sailing sighted boarding the stern of the ship, and in the engine Pulau Cula room. The master raised the alarm and crew was mustered to (Indonesia), in conduct a search, but no perpetrators were found onboard. the eastbound Some engine room spares were reported stolen from the lane of the TSS engine room. The crew was not injured. No further assistance was required by the Master and the ship resumed her voyage to China. The master reported the incident to Singapore VTIS. Safety navigational broadcast was initiated. The RSN’s MSTF and Singapore PCG were notified of the incident. Information of the incident was shared with the Indonesian authorities."
38,1° 5.6' N,103° 43.7' E,"While sailing, five perpetrators with gun-like objects were 3 Theft 2024 ISLANDS CARRIER & Singapore 3.3 nm north of Sailing sighted in the engine room. The crew was mustered and a Pulau Cula search conducted, but no perpetrators were found. It could (Indonesia), in not be confirmed whether any property was stolen. The the eastbound crew was not injured. lane of the TSS The master reported the incident to the Singapore VTIS West. Safety navigational broadcast was initiated. The RSN’s MSTF and Singapore PCG were notified of the incident. Upon the ship’s arrival at port of Singapore, the PCG boarded the ship and conducted a thorough search, and no perpetrators were found onboard. The information was also shared with the Indonesian authorities."
39,4° 12.23' S,113° 49.62' E,"While the tug boat towing barge was enroute from 1 & OB Royal Theft 2024 BARGE (Seas/Straits) 47 nm south of Sailing Bagendang Port, Sampit, to Stagen Kotabaru, five 17 Tanjung perpetrators in a small boat approached the vessels. Four of Malatayur, the perpetrators boarded the barge, while one perpetrator Central waited in the small boat. The perpetrators, carrying firearms Kalimantan, and sharp weapons, locked the crew members onboard the Indonesia barge inside the toilet. The perpetrators then moved to the tug boat, where they threatened and restrained the master and crew in the mess room, binding them with plastic ropes. The perpetrators subsequently siphoned the FAME (Fatty Acid Methyl Ester) cargo onto a tanker, and also stole 21 mobile phones, cash amounting to approximately IDR 17,200,000, and navigational equipment such as a Furuno radar and binoculars. The perpetrators also damaged communication and navigational tools onboard the ship before they escaped. The incident lasted between eight and 10 hours. On 1 Nov 2024, it was reported that the Central Kalimantan Police had arrested 14 suspected perpetrators of the incident."
40,1° 15.25' N,103° 38.85' E,"While underway, six to seven perpetrators were sighted in 4 Theft 2024 ISLANDS CARRIER & Singapore 4 nm northwest Sailing the vicinity of port quarter of the ship. All crew mustered to of Pulau Cula conduct a search. The crew was not injured. Engine spares (Indonesia), in were stolen from the ship. the eastbound lane of the TSS The incident was reported to Singapore VTIS. Safety navigational broadcast was initiated. The Republic of RSN’s MSTF and Singapore PCG were notified of the incident. The PCG boarded the ship upon her arrival at Singapore Port, and conducted a search. No perpetrators were found onboard. Information of the incident was shared with the Indonesian authorities."
41,1° 15.25' N,104° 1.85' E,"While underway, the tug boat master reported that some 4 Alam 281 Theft 2024 BARGE (Seas/Straits) 2.2 nm south of Sailing scrap metal on its towing barge were taken away by Pulau perpetrators via a sampan. All crew mustered and a search Mungging, was conducted. The crew members were safe. within Johor Port Limit, The incident was reported to Singapore VTIS. Safety Malaysia navigational broadcast was initiated. The RSN’s MSTF and Singapore PCG were notified of the incident. Information of the incident was shared with the Malaysian and Indonesian authorities."
42,1° 4.18' N,103° 37.07' E,"While underway, five perpetrators with knives were sighted 3 Theft 2024 CARRIER & Singapore 5.9 nm Sailing in the steering room of the ship. The alarm was raised and all northwest of crew mustered to conduct a search to locate the Pulau Cula perpetrators. The crew was not injured. Nothing was (Indonesia), in reported stolen from the ship. the eastbound lane of the TSS The incident was reported to Singapore VTIS. Safety navigational broadcast was initiated. The RSN’s MSTF and Singapore PCG were notified of the incident. The PCG boarded the ship upon her arrival at Singapore port and conducted a search. No perpetrators were found onboard. Information of the incident was shared with the Indonesian authorities."
43,1° 15.25' N,104° 1.85' E,"While underway, five perpetrators, of which two carried 3 Theft 2024 CARRIER & Singapore 4.2 nm from Sailing knives/parang, were sighted in the engine room. Officer on Pulau Nongsa watch raised the alarm and mustered crew to conduct a Lighthouse search to locate the perpetrators. The master reported that (Indonesia), in all crew were accounted for with no injury reported, and the eastbound generator spares were found missing. The incident was lane of the TSS reported to the Singapore VTIS East. The ship resumed her voyage to Singapore. Safety navigational broadcast was initiated. The RSN’s MSTF and Singapore PCG were notified of the incident. Information of the incident was shared with the Indonesian authorities. Upon the ship's arrival at port of Singapore, the PCG boarded the ship, conducted a thorough search onboard. No perpetrators were found."
44,1° 17.02' N,104° 8.62' E,"While underway, seven unauthorised personnel from two 4 Jin Hwa 39 Theft 2024 BARGE & Singapore 3.6 nm Sailing sampans (small boats) boarded the barge. The perpetrators southeast of left with some scrap metal from the barge. The crew was not Tanjung Setapa injured and no assistance was required. (Malaysia), in the westbound The incident was reported to the Singapore VTIS East. Safety lane of the TSS navigational broadcast was initiated. The RSN's MSTF and Singapore PCG were notified of the incident."
45,1° 4.8' N,103° 42.8' E,"While underway, two perpetrators were sighted at the poop 4 Theft 2024 CARRIER & Singapore 2.6 nm north of Sailing deck. Upon being sighted by the crew, the perpetrators Pulau Cula jumped overboard. The ship general alarm was raised and (Indonesia), in crew mustered to conduct a search. No perpetrators found the eastbound and no loss of property. All crew members were safe. lane of the TSS The incident was reported to Singapore VTIS. Safety navigational broadcast was initiated. The RSN’s MSTF and Singapore PCG were notified of the incident. The PCG boarded the ship at Singapore anchorage to conduct a security search and investigation, and reported no perpetrators found onboard, and no property stolen. Information of the incident was shared with the Indonesian and Malaysian authorities."
46,1° 3.1' N,103° 38.3' E,"While underway, five to six perpetrators with knives were 2 Colonsay Theft 2024 CARRIER & Singapore 4.3 nm from Sailing sighted in the engine room. The ship's general alarm was Pulau Cula raised and crew mustered to conduct a search. Upon hearing (Indonesia), in the alarm, the perpetrators escaped. The perpetrators had the eastbound tied the Chief Engineer's (CE) hands and feet with rope, but lane of the TSS the CE managed to free himself after the perpetrators had escaped. Some engine spare parts and the Chief Engineer’s cellphone were stolen. All crew members were safe. The incident was reported to Singapore VTIS. Navtex broadcast was initiated to alert other vessels in the area to exercise caution and step up anti-piracy watch. The Singapore PCG boarded the ship when at anchorage and reported no perpetrators were found onboard. Information of the incident was shared with the MRCCs of Indonesia and Malaysia."
47,1° 15.43' N,104° 11.5' E,"While underway, several small boats carrying an unknown 4 LKH 3883 Theft 2024 BARGE & Singapore Tondong Sailing number of perpetrators approached and boarded the barge. (Indonesia), in the They transferred scrap metal from the barge to the small eastbound lane of boats and the perpetrators left after about half an hour later. the TSS Scrap metal was stolen from the barge. The crew was safe. The incident was reported to Singapore Port Operations Control Centre (POCC)."
48,1° 9.69' N,103° 57.7' E,"While anchored, two unauthorised persons boarded the ship 4 Theft 2024 VESSEL (Ports/Anchorages) Anchorage, and escaped with ship’s properties. The theft was later Indonesia discovered in the morning by the crew."
49,1° 3.5' N,103° 40.6' E,"While underway, five perpetrators with knives were sighted 3 Theft 2024 CARRIER & Singapore 2.3 nm Sailing at the poop deck. The perpetrators escaped upon the northwest of activation of the ship's general alarm. A search was conducted Pulau Cula with no further sighting of the perpetrators. Nothing was (Indonesia), in stolen and all crew members were safe. the eastbound lane of the TSS The incident was reported to Singapore VTIS. Safety navigational broadcast was initiated. The RSN’s MSTF and Singapore PCG were notified of the incident. The PCG boarded the vessel upon her arrival at the Port of Singapore and conducted a thorough search. No perpetrators were found onboard. Information of the incident was shared with the Indonesian authorities."
50,1° 3.8' N,103° 40.1' E,"While underway, three perpetrators were sighted in the 4 Loa Theft 2024 CARRIER & Singapore north west of Sailing steering gear room. The perpetrators escaped upon the Pulau Cula activation of the ship's general alarm. A search was conducted (Indonesia), in with no further sighting of the perpetrators. Nothing was the eastbound stolen and all crew members were safe. lane of the TSS The incident was reported to Singapore VTIS. Safety navigational broadcast was initiated. The RSN's MSTF and Singapore PCG were notified of the incident. The PCG boarded the vessel upon her arrival at the Port of Singapore and conducted a thorough search. No perpetrators were found on board. Information of the incident was shared with the Indonesian authorities."
51,1° 5.6' N,103° 43.1' E,"While underway, five perpetrators with knives were sighted 3 Theft 2024 CARRIER & Singapore 3.19 nm north Sailing at the entrance of the ship’s engine room. The alarm was of Pulau Cula raised and all crew mustered to conduct a search. The crew (Indonesia), in was not injured. Engine spare parts were stolen from the the eastbound ship. lane of the TSS The incident was reported to Singapore VTIS. Safety navigational broadcast was initiated. The RSN's MSTF and Singapore PCG were notified of the incident. The PCG boarded the vessel at Singapore anchorage and reported no abnormalities and no perpetrators found onboard. Information of the incident was shared with the Indonesian authorities."
52,3° 26' N,99° 27' E,"While anchored, three perpetrators armed with long knives 3 Harmony Theft 2024 CARRIER (Ports/Anchorages) Anchorage, boarded the ship. They entered the engine room, took the Indonesia duty engine crew hostage and tied him up. Before leaving the ship, they stole the ship’s engine spares, released the duty crew and escaped. The alarm was raised, the crew mustered and the incident was reported to the Port Facility through the agent."
53,1° 5' N,103° 43.2' E,"While underway, five perpetrators armed with knives and 2 Theft 2024 CARRIER & Singapore nm from Pulau Sailing guns were sighted in the engine room. The ship general alarm Takong Light was raised and crew mustered. A search was conducted. All (Indonesia), in the crew members were accounted for, no injury to crew and no eastbound lane of assistance required. the TSS The master reported the incident to Singapore VTIS. Safety navigational broadcast was initiated. Singapore PCG boarded the ship on her arrival at the anchorage and completed the search. No perpetrators were found. The RSN’s MSTF was also notified. Information of the incident was shared with the Indonesian and Malaysian authorities."
55,1° 3.58' N,103° 39.46' E,"While underway, the master reported to Singapore VTIS that 4 Theft 2024 CARRIER & Singapore nm from Pulau Sailing four perpetrators were sighted at ship's stern. The master Cula (Indonesia), raised the alarm and all ship crew were mustered to conduct in the eastbound a search onboard. At about 0540 hrs, the ship reported that lane of the TSS all crew were accounted for with no injury, nothing was stolen from the ship and no assistance was required. The ship was enroute from Tubarao, Brazil to Singapore. A safety navigational broadcast was initiated. The RSN’s MSTF and Singapore PCG were notified of the incident. Information of the incident was shared with the Indonesian and Malaysian authorities. Singapore PCG boarded the ship at Singapore anchorage and reported no perpetrators found onboard."
56,1° 10.48' N,103° 28.71' E,"While underway, the master reported to Singapore VTIS that 4 Theft 2024 CARRIER & Singapore nm from Pulau Iyu Sailing one perpetrator was sighted in the steering gear room. Kecil (Indonesia), in the The alarm was raised and all crew mustered to conduct search precautionary onboard the ship. The master declared nothing was stolen, area of the TSS the crew was safe and no further assistance required. The ship was enroute from Santos, Brazil to pick up her pilot from Tanjung Pelepas, Malaysia. A safety navigational broadcast was initiated. The RSN’s MSTF and Singapore PCG were notified. Information of the incident was shared with the Indonesian and Malaysian authorities."
57,1° 6.9' N,104° 10.6' E,"While anchored, two perpetrators boarded the ship, stole 4 Giant No. 6 Theft 2024 KOREA TRANSPORT (Ports/Anchorages) Indonesia engine spare parts and escaped. The alarm was raised and VESSEL crew mustered. The crew was not injured. The incident was reported to Vessel Traffic Service (VTS) and Indonesian authorities boarded the ship for investigation."
58,1° 14.5' N,104° 3.5' E,"While underway, the bridge team sighted a suspicious boat NA Conquest 2024 CARRIER & Singapore nm north of Pulau Sailing on its port bow with very dim lighting. The ship altered its Batam (Indonesia), course to starboard to keep a safe distance from the boat. in the eastbound However, at a distance of about 1.5 miles, the boat suddenly lane of the TSS started flashing lights and accelerated, making a desperate attempt to board the ship. The ship performed evasive manoeuvres to deter the boarding attempt, and immediately notified Singapore VTIS East. Upon sighting a RSN ship in the vicinity, the small boat aborted its attempt and moved away from the ship. The ship had implemented additional lookout measures to monitor for suspicious boats as part of its security measures."
59,1° 2.5' N,103° 38.37' E,"While underway, the engine crew sighted four perpetrators 3 Theft 2024 CARRIER & Singapore nm from Pulau Sailing armed with knives in the engine room and notified the watch Cula (Indonesia), officer on the bridge immediately. The bridge officer raised in the eastbound the alarm. The perpetrators escaped upon realising the crew lane of the TSS had been alerted. The crew was mustered and a search onboard was conducted. No perpetrators were found and some engine spares were stolen. The crew was not injured. The master reported the incident to Singapore POCC via email. A safety navigational broadcast was initiated. The RSN’s MSTF and Singapore PCG were notified. Information of the incident was shared with the Indonesian authorities."
60,22° 19' N,91° 44' E,"While anchored, the watchman and duty crew spotted six NA 2024 CARRIER (Ports/Anchorages) ‘A’, Chattogram perpetrators attempting to board the ship through the chain Anchorage, hawse pipe from a small boat. Upon realising the crew had Bangladesh been alerted, the perpetrators aborted the attempt and escaped immediately."
61,1° 3.4' N,103° 37.5' E,"While underway, six perpetrators armed with knives entered 2 Theft 2024 CARRIER & Singapore nm west of Pulau Sailing the engine room through the steering gear door, tied up two Cula (Indonesia), crew (oilers) in the engine room workshop and stole the in the eastbound engine spares. lane of the TSS An engineer discovered the tied-up crew and informed the master. The master raised alarm and crew mustered. Search was conducted with no further sighting of the perpetrators. The master reported the incident through his agent to Singapore POCC via email. The RSN’s MSTF and Singapore PCG were informed. Information of the incident was shared with the Indonesian authority."
62,1° 8.3' N,103° 28.9' E,"While underway, the ship engineer sighted four perpetrators 3 Theft 2024 CARRIER & Singapore nm west of Pulau Sailing armed with knives in the engine room. The master raised the Cula (Indonesia), alarm and mustered the crew. A search was conducted and in the some engine spares were missing. The crew was not injured. precautionary area of the TSS The master reported the incident through his local agent via email to Singapore POCC. A safety navigational broadcast was initiated. The RSN’s MSTF and Singapore PCG was notified. Information about the incident was shared with the Indonesian authority."
63,1° 9.47' N,103° 58.54' E,"While anchored, the duty able bodied (AB) spotted three 3 Courage Theft 2024 VESSEL (Ports/Anchorages) Anchorage, perpetrators armed with long knives at the starboard rescue Indonesia zone of the ship. The perpetrators were suspected to board the ship with ropes and ship fenders. The perpetrators attempted to attack the AB but he managed to escape and ran into the ship accommodation block with the door locked from inside. The AB reported the incident to the duty bridge officer, who raised the general alarm and announced via the PA system about the armed perpetrators onboard. All crew were called to assemble at the navigation bridge. The ship security officer alerted the Batam VTS and the Company Security Officer (CSO) to request for immediate assistance. The Indonesian Navy and Coast Guard arrived at 0150 hrs and 0210 hrs respectively, but no perpetrator was found onboard. The Indonesian Navy then continued to escort the vessel until daylight hour. The crew was not injured and nothing was stolen."
64,10° 12' N,107° 3' E,"While anchored, a duty ordinary seaman (OS) patrolling the 4 Theft 2024 CARGO SHIP (Ports/Anchorages) Anchorage, forecastle area spotted a perpetrator climbing over the ship Vietnam railings using a rope. He wore a dark blue t-shirt and pants. The duty OS shouted at the perpetrator immediately, and reported to the OOW. The perpetrator jumped back immediately into a wooden boat, with two other perpetrators in the boat, and escaped. Nothing was stolen. The master reported the incident to local VTS via Channel 16, as well as the CSO."
65,1° 9.4' N,103° 27.3' E,"While underway, the ship’s crew discovered that engine room 4 Theft 2024 CHINA CARRIER & Singapore nm from Pulau Iyu Sailing spare parts had been stolen after sailing from Singapore. Kecil (Indonesia), in the According to shipboard CCTV footage, four perpetrators in t- precautionary shirts and shorts had boarded the ship via starboard quarter area of the TSS from a small craft. The perpetrators unlocked and opened the watertight door in after poop deck, entered the engine room and went directly to the spare parts locker. The perpetrators stole engine room spare parts for auxiliary engine and fuel oil purifier, and escaped. The crew was not injured. The master reported the incident to Singapore VTIS. The RSN's MSTF and Singapore PCG were informed."
66,1° 42' N,101° 29' E,"While anchored, four perpetrators armed with knives and 3 Theft 2024 CHINA CARRIER (Ports/Anchorages) Indonesia iron bars boarded the bulk carrier from a wooden craft. Three of the perpetrators wore long-sleeved black tops, pants and caps, while one perpetrator wore a half-sleeved t-shirt and shorts. The perpetrators stole ship’s engine spares and escaped. The crew was not injured. The incident was reported to Dumai VTS via VHF and the agent registered a complaint with the police. The local police boarded the ship and investigation is in progress."
67,1° 30.16' N,104° 31.37' E,"While the tug boat towing barge was underway, perpetrators 4 Seronggong Theft 2024 BARGE 5.23 nm from Sailing in five small boats came alongside and boarded the barge. 8 Tompok Utara The alarm was raised and the crew was instructed to stay Beacon, Malaysia within the accommodation. The master reported the incident to Singapore VTIS. At about 1745 hrs, the perpetrators left the barge with some scrap metals and escaped in their boats. The crew was not injured. Safety navigational broadcast was initiated. The RSN’s MSTF and Singapore PCG were notified. Information of the incident was shared with the Indonesian and Malaysian authorities."
68,1° 2.8' N,103° 39.7' E,"While underway, the master reported to Singapore VTIS on 2 Theft 2024 CARRIER & Singapore nm west of Pulau Sailing VHF that five perpetrators armed with knives were sighted Cula (Indonesia), in the steering gear room, with the oiler being restrained. The in the eastbound alarm was raised and crew mustered. All crew members were lane of the TSS accounted for, with no injury to crew and no assistance required. Some engine spare parts were stolen. Safety navigational broadcast was initiated. The RSN’s MSTF and Singapore PCG were notified. Information was shared with the Indonesian authority. The ship proceeded to Singapore anchorage to pick up pilot. Upon the ship’s arrival, Singapore PCG conducted an inspection onboard."
69,1° 42' N,101° 28' E,"While anchored and awaiting cargo, a deck officer on watch 4 Theft 2024 CARGO SHIP (Ports/Anchorages) Indonesia duty spotted a small boat alongside the port stern of the ship. At the same time, three perpetrators were seen near the funnel. The deck officer shouted at the perpetrators immediately and reported to the duty officer, who informed the master. The alarm was sounded and an announcement was made about the presence of the perpetrators onboard. The duty officer subsequently noticed the three perpetrators jumping off the ship and escaped in the small boat. All crew members were safe and nothing was stolen."
70,22° 17' N,91° 43' E,"While anchored, the AB on rounds spotted movement on the 3 Theft 2024 CHEMICAL / (Ports/Anchorages) Anchorage A20, poop deck and raised the alarm. The shore watchmen were GAS TANKER Bangladesh found tied, who reported six perpetrators had boarded the ship and escaped into the water. The paint store lock was found broken, and paint drums, messenger rope and heaving line were stolen. The incident was reported to the local authorities including the port control, Bangladesh Coast Guard (BCG) and Bangladesh Navy. BCG investigated the incident, and conducted combing operations in the vicinity and shore areas. The perpetrators were apprehended, all stolen items recovered and will be handed over to the ship."
71,14° 35.69' N,120° 50.67' E,"While anchored, two perpetrators boarded the ship at the 4 Bay Theft 2024 SHIP (Ports/Anchorages) International forecastle. The 2nd Mate spotted the perpetrators and raised Container the alarm. A check was conducted of the ship’s equipment Terminal (MICT), and items including cables, normal grinders, brass nozzle Phiilippines pieces, a heavy duty cutter, a drill machine, an inverter welding machine and a heavy-duty grinder were found stolen. The crew was not injured. The incident was reported to the PCG and Philippine Port Authority. The Philippine authorities proceeded to location of the ship immediately and verified the veracity of the report. The Philippine authorities conducted follow-up operations at nearby junkshop, where the perpetrators reportedly sold the stolen items."
72,3° 55.18' N,98° 44.81' E,"While anchored and awaiting loading operation, the AB was 3 Theft 2024 CHEMICAL (Ports/Anchorages) Belawan, patrolling the deck when he noticed a wooden boat at the TANKER Indonesia port anchor cable area. He reported to the OOW immediately and blew the whistle to raise alarm. Three perpetrators armed with knives subsequently boarded the ship from the main deck. They threatened the AB with a machete, took the store keys, walkie-talkie and torch from the AB, and stole two fire hose nozzles. The 2nd watchman saw the incident and reported the situation to OOW, who raised the ship alarm. Upon hearing the alarm, the perpetrators escaped. The crew was not injured."
73,1° 18.59' N,104° 15.77' E,"While underway, the master reported to Singapore VTIS East 4 & Hexagro 9 Theft 2024 BARGE & Singapore nm east of Sailing via VHF Channel 10, that he sighted three to four perpetrators Tanjung alongside the unmanned barge in three sampans. The master Penyusop, raised the alarm and mustered the crew. (Malaysia), in the westbound lane of At 1040 hrs, the master reported that the perpetrators left the TSS the barge. The master further reported that some scrap metals were stolen from the barge. All crew members were accounted for with no injuries, and no assistance required. Safety navigational broadcast was initiated. The RSN’s MSTF and Singapore PCG were notified. Information was shared with the Malaysian authority."
74,1° 4.47' N,103° 40.72' E,"While underway, the master reported to Singapore VTIS that 3 Theft 2024 CARRIER & Singapore nm from Takong Sailing the 3rd engineer sighted five perpetrators in the engine room. Kecil Light, Some of the perpetrators were reportedly armed with gun- (Indonesia), in the like objects. eastbound lane of the TSS The master raised the alarm, and mustered the crew. A ship search was conducted and completed at 0405 hrs, and all crew accounted for with no injuries. The master was unable to ascertain any loss of property. The master indicated that no further assistance was required, and continued its journey to Song Duong, Vietnam. Safety navigational broadcast was initiated. The RSN’s MSTF and Singapore PCG were notified. Information was shared with the Indonesian authority."
75,1° 17.96' S,116° 47.93' E,"While anchored, four perpetrators boarded the ship through 4 Theft 2024 TANKER (Ports/Anchorages) Anchorage, the anchor chain. They broke into the forecastle store and Indonesia escaped with ship stores and properties. The crew was mustered and a search onboard the ship was conducted. The incident was reported to Balikpapan port control."
76,21° 9' N,91° 7' E,"While anchored, the duty watchman noticed two 4 Chattogram Theft 2024 SHIP (Ports/Anchorages) Anchorage, perpetrators onboard the deck, and managed to escape Bangladesh onboard a country boat. Upon inspection, it was found out that 600 litres of paint, 150 metres of safety chain, 16 pieces of brass fire hydrant caps, and 2 pieces of fire hoses were stolen. The incident was immediately reported to the Bangladesh Coast Guard and Port Control Authority. The crew was not injured. Bangladesh Coast Guard carried out patrol in the incident area, and recovered all stolen ships items and handed over to the ship master. It is recommended and advised for all ships, low draft ships, and tug boats heading towards Bangladesh ports and territorial waters, to maintain communication with law enforcement agencies (LEAs) through HF/ VHF channels 12 and 16 for help."
77,1° 18.59' N,104° 15.77' E,"While the tug boat towing barge was underway, the master 4 Linau 135 Theft 2024 BARGE & Singapore Ramunia, Johor, Sailing noticed a sampan alongside the barge. Three perpetrators (Malaysia), in the were seen leaving the barge with some copper coils and fibre westbound lane of boards. The crew was mustered and accounted for. The crew the TSS was not injured. The tug boat and barge last port of call was Bintulu, Sarawak, East Malaysia and was bound for Singapore Pilot Eastern Boarding Ground “A”. The master reported to Singapore Vessel Traffic Information System (VTIS) East. Safety navigational broadcast was initiated. The RSN’s MSTF and Singapore PCG were notified. Information was shared with the Malaysian authorities."
78,3° 22.31' N,99° 28.22' E,"While berthed, three perpetrators armed with long knives 3 Bay Theft 2024 CHINA CARRIER (Ports/Anchorages) Port, Indonesia and special tools boarded the ship and entered the engine room from funnel door. The funnel door was locked on from inside and outside, but the perpetrators managed to open the door by using special tools, forced open the lashing chain and lock, before entering the engine room from the funnel door. The perpetrators stole auxiliary engine spare parts before they escaped. The crew was not injured. The master and crew relayed the details of the incident to the shipping agent, who in turn reported to the authorities."
79,22° 14' N,91° 42' E,"While anchored, the crew noticed three perpetrators in a NA 2024 ISLANDS CARGO SHIP (Ports/Anchorages) Anchorage, boat attempting to board the ship using a rope and hook. The Bangladesh alarm was raised and crew was mustered. Upon realising the crew was alerted, the perpetrators aborted the attempt. Nothing was stolen and the crew was not injured."
80,1° 3.43' N,103° 39.22' E,"While underway, the master reported to Singapore VTIS West 3 Island Theft 2024 CARRIER & Singapore nm from Takong Sailing that three perpetrators armed with knives were sighted in Lighthouse the engine room. The master raised the alarm and mustered (Indonesia), in the crew on the bridge. A search onboard the ship was conducted eastbound lane of and at 0118 hrs, the master reported that no perpetrators the TSS were found and nothing was stolen. All crew members were accounted for with no reported injury. The ship was en-route to PEBGB. Safety navigational broadcast was initiated. The RSN’s MSTF and Singapore PCG were notified. Upon the ship’s arrival in Singapore, the Singapore PCG boarded the ship and conducted a thorough search onboard, but no perpetrators were found."
81,21° 48.7' N,91° 47.9' E,"While anchored, eight perpetrators armed with knives 2 Theft 2024 CARRIER (Ports/Anchorages) Anchorage, boarded the bulk carrier. The alarm was raised, crew Bangladesh mustered, and a search onboard the ship was conducted. Upon realising the crew had been alerted, the perpetrators escaped with stolen ship store. All crew members were safe."
82,1° 24.35' N,103° 13.98' E,"While the tug boat towing drill ship was underway, the crew 4 & Ambur Theft 2024 DRILL SHIP & Singapore (Malaysia), in the Sailing noticed four perpetrators had boarded the unmanned drill westbound lane of ship from a small fishing boat via the excess ladder on the TSS starboard side. The general alarm was sounded, and the master reported and requested for assistance from Klang VTS. The incident was also reported to the CSO. A Coast Guard patrol boat searched around the drill ship but the perpetrators had already escaped. Nothing was stolen and the crew was not injured."
83,1° 3.33' N,103° 40.23' E,"While underway, the master reported that the crew sighted 4 Crown Theft 2024 ISLANDS CARRIER & Singapore nm northwest of Sailing three perpetrators in the steering gear room. The master Pulau Cula raised the alarm and mustered the crew to carry out a search. (Indonesia), in the At 0115 hrs, the master reported that the search had been eastbound lane of concluded. All crew members were accounted for, and there the TSS was no report of injuries. Some engine spare parts were stolen, and no further assistance was required. The master reported the incident to Singapore VTIS. Safety navigational broadcast was initiated. The RSN’s MSTF and Singapore PCG were notified. Information of the incident was shared with the Indonesian authorities. Upon the ship's arrival at Singapore port, the Singapore PCG boarded the ship and conducted a thorough search onboard, but no perpetrators were found."
84,1° 6.68' N,103° 44.95' E,"While underway, the Junior Engineer (JE) and oiler spotted 3 Naree Theft 2024 CARRIER & Singapore nm from Pulau Sailing three perpetrators armed with metal rods onboard the ship Cula (Indonesia), during their routine checks around the engine room. The JE in the eastbound and oiler notified the bridge of the sighting immediately and lane of the TSS the general alarm was activated. All crew members except the engine room staff were mustered at the bridge, while the engine room staff locked themselves in the engine control room. Upon hearing the alarm, the three perpetrators escaped immediately via the starboard quarter of the ship. Nothing was stolen and the crew was not injured."
85,1° 7.63' N,103° 31.5' E,"While underway, the master reported to Singapore POCC that 4 Theft 2024 ISLANDS CARRIER & Singapore nm southeast of Sailing two perpetrators were sighted at the aft deck. The OOW Pulau Iyu Kecil raised the alarm, and the two perpetrators escaped in a boat. (Indonesia), in the The crew conducted a search immediately. At about 0340 hrs, precautionary the master reported that the search was completed. All crew area of the members were safe, nothing was missing, and there were no eastbound lane of sightings of the perpetrators onboard the ship. The master the TSS confirmed that no assistance was required and continued her voyage to Singapore. Safety navigational broadcast was initiated. The RSN’s MSTF and Singapore PCG were notified of the incident. Information was shared with the Indonesian authorities. Upon the ship's arrival at the Port of Singapore, the Singapore PCG boarded the ship and conducted a thorough search onboard. No perpetrators were found onboard the ship."
86,21° 50.93' N,89° 31.82' E,"While anchored, ship crew reported that eight to 10 2 Theft 2024 GAS TANKER (Ports/Anchorages) Station, Mongla, perpetrators armed with long knives boarded the ship using Bangladesh hook at the port forward of the ship, and managed to escape onboard a country boat. Upon inspection, it was found out that heave lines and messenger lines were stolen. The alarm was sounded, announcement was made through the PA, and the crew was mustered. The crew was not injured. The incident was reported to the local agent."
87,1° 11.6' N,103° 59' E,"While anchored, three perpetrators armed with knives 3 Vanguard Theft 2024 ANTILLES SEMI- (Ports/Anchorages) Anchorage, boarded unnoticed onto the vessel from a small boat during SUBMERSIBLE Indonesia hours of darkness either from the deck recess or stern balcony, while one man remained in the boat. The three perpetrators were on board the vessel for approximately 30 minutes until they were seen by the deck watchman. Approximately 300m of welding cable from main deck area of the vessel was stolen. The crew was not injured. The master reported the incident to the ship agent."
88,1° 46' N,101° 22' E,"While anchored, four perpetrators boarded the ship from 4 Halcyon Theft 2024 CARRIER (Ports/Anchorages) Indonesia stern while three watch keepers were taking rounds on deck. The starboard watch keeper saw the perpetrators onboard and raised the alarm immediately. Upon realising the crew was alerted, the perpetrators jumped overboard. The crew was not injured and nothing was stolen. The ship informed Dumai VTS about the incident and Indonesian authorities arrived on scene to provide assistance."
89,5° 29.6' S,105° 17.3' E,"While anchored, the master of the ship reported to Panjang 3 Explorer Theft 2024 CARRIER (Ports/Anchorages) Anchorage, VTS through VHF Channel 16 that two perpetrators armed Indonesia with long knives boarded the ship and entered the engine room. Upon sighted, the perpetrators pursued the crew to the upper deck. The crew reported to the bridge, and the duty officer raised the alarm, and mustered all crew. The perpetrators subsequently escaped with the ship’s engine spares. The crew was not injured."
90,1° 8.28' N,103° 29.15' E,"While underway, the master reported to Singapore VTIS that 3 Theft 2024 CHINA CARRIER & Singapore nm southeast of Sailing four perpetrators armed with gun-like object were sighted in Pulau Iyu Kecil the engine room. The alarm was raised and crew mustered. A (Indonesia), in the search was conducted with no further sighting of the precautionary perpetrators. At about 0336 hrs, the master reported that area of the some spare parts were stolen and all crew members were eastbound lane of safe. No further assistance was required. The ship's last port the TSS of call was Ivory Coast, and was bound for Singapore Anchorage. Safety navigational broadcast was initiated. The RSN’s MSTF and Singapore Police Coast Guard were notified of the incident. Upon the ship's arrival at the anchorage, the Singapore PCG boarded the ship and conducted a thorough search onboard. No perpetrators were found onboard the ship."
91,21° 49' N,91° 42.8' E,"While anchored, nine perpetrators boarded the ship from a 2 Theft 2024 (Ports/Anchorages) Anchorage, country boat. They tied up the watchman and stole ship Bangladesh stores. The incident was reported to the Bangladesh authorities who responded immediately and apprehended the nine perpetrators. The Bangladesh authorities also recovered all stolen ship stores and handed the items over to the ship."
92,21° 53' N,91° 45' E,"While anchored, four perpetrators boarded the ship, stole a 4 Phong Theft 2024 SHIP (Ports/Anchorages) Anchorage, rope (about 50m) and escaped. The crew was not injured. Bangladesh The incident was reported to BCG, who boarded the ship for investigation."
93,1° 9.55' N,103° 28.36' E,"While underway, four perpetrators armed with knives were 3 Theft 2024 CARRIER & Singapore nm southeast of Sailing sighted in the steering gear room. The perpetrators escaped Pulau Iyu Kecil upon activation of the ship's general alarm. The master (Indonesia), in the reported the incident to Singapore VTIS. A search was precautionary conducted with no further sighting of the perpetrators. At area of the about 0543 hrs, the master declared that nothing was stolen eastbound lane of and all crew members were safe. No further assistance was the TSS required. The ship's last port of call was Brazil, and was bound for Singapore Anchorage. Safety navigational broadcast was initiated. The RSN’s MSTF and Singapore PCG were notified of the incident. Information was shared with the Indonesian authorities. Upon the ship's arrival at the Port of Singapore, the Singapore PCG boarded the ship and conducted a thorough search onboard. No perpetrators were found onboard the ship."
94,22° 9.8' N,91° 46.4' E,"While anchored, two perpetrators boarded the container 4 withheld Theft 2024 SHIP (Ports/Anchorages) Anchorage, ship. The alarm was raised and the crew mustered. Upon Bangladesh realising the crew had been alerted, the perpetrators escaped empty-handed."
95,14° 23' N,120° 48' E,"While anchored, the OS spotted six perpetrators onboard the 4 Nordpuma Theft 2024 SHIP (Ports/Anchorages) South Harbor ship. When informed of the boarding, the master called the anchorage, PCG immediately and raised the general alarm. Upon hearing Manila, the the alarm, the perpetrators jumped overboard and escaped. Philippines After receipt of the report, the PCG immediately deployed its MARPAT Team to conduct verification and inspection onboard the ship at South Harbor Anchorage Area. Two sets of Self-Contain Breathing Apparatus (SCBA) with cylinders were found missing. The crew was not injured."
96,3° 37.79' S,113° 21' E,"While the tug boat towing barge was enroute from Muara 1 & Royal TK Theft 2024 BARGE (Seas/Straits) nm southwest of Sailing Sampit to Manggis, South Kalimantan, perpetrators carrying 17 Tanjung firearms and sharp weapons boarded the vessels from a ship, Malatayur, Central SPOB Bagas Danar Jaya 01. The master and crew were Kalimantan, subsequently held hostage for more than 27 hours. The Indonesia perpetrators stole FAME cargo, cash and personal belongings of crew and ship's goods, as well as damaged navigation equipment before they escaped. The master reported the incident to the CSO, who in turn reported to the Indonesian authorities. An Indonesian patrol boat was dispatched immediately to provide assistance."
97,1° 2.6' N,103° 39.5' E,"While underway and en-route to Qinzhou, China, six 2 Theft 2024 CARRIER & Singapore (Indonesia), in the Sailing perpetrators armed with machetes boarded the ship via eastbound lane of starboard quarter from a small boat. They broke the padlock the TSS of the boiler entrance, entered the engine room and tied up three crew members. The perpetrators left the engine room at about 0210 hrs, with stolen engine spare parts and a crew’s mobile phone. The chief engineer subsequently called the bridge to inform master of the incident. The master raised the alarm but there was no further sighting of the perpetrators."
98,1° 43.09' N,101° 24.5' E,"While anchored, the watchkeeper onboard the tanker NA 2024 TANKER (Ports/Anchorages) Indonesia spotted an unauthorised person attempting to board the ship. The alarm was raised, resulting in the unauthorised person aborting the attempt and moving away from the ship."
99,17° 1.94' N,82° 21.64' E,"While anchored, four perpetrators boarded the ship from a 4 Peach Theft 2024 ISLANDS CHEMICAL / (Ports/Anchorages) Anchorage, India fast boat, likely from the poop deck. GAS TANKER The alarm and ship whistle were sounded, and all crew mustered. Two mooring ropes were stolen from the aft mooring station. The crew was not injured. The incident was reported to Kakinada Pilot Station via VHF. The ship master also shared the information with the agent, and both ship master and agent were advised to lodge a First Information Report (FIR) at Kakinada Marine Police Station. The incident is being investigated by Coastal Security Police / Marine Police Kakinada and Customs Kakinada, with inputs from Indian Coast Guard and Port Authority. Further, Kakinada Port Authority and ships in the area have been advised to enhance vigilance and adhere to the SOPs for security, especially during dark hours."
100,17° 3.42' N,82° 24.67' E,"While anchored, one suspicious boat was observed roaming 4 Theft 2024 CHEMICAL / (Ports/Anchorages) India around near the ship’s forward and aft. The anti-piracy watch GAS TANKER keeper during his round, sighted one person jumped into the water from the port side of the ship, and a boat was on standby with five perpetrators onboard. Three loose mooring ropes from the forecastle deck were found missing, and the crew was safe. The incident was reported to Kakinada Port Authority and the ship departed for Paradip Port on 26 Jan 24. Upon arrival at Paradip Port on 1 Feb 24, the ship was boarded by Indian Coast Guard for investigation. The ship was advised on the timely reporting of incident, and collection of evidence through CCTV and photographs. Further, Kakinada Port Authority and ships in area have also been advised to enhance vigilance and adhere to the SOPs for security, especially during dark hours. Investigation is in progress."
101,21° 50.5' N,91° 41.84' E,"While anchored, an unknown number of perpetrators NA Legacy 2024 CHEMICAL / (Ports/Anchorages) Chattogram Port, onboard a country boat propelled by engine approached the GAS TANKER Bangladesh ship’s port bow. However, the country boat could not come alongside the ship; hence, the perpetrators were not able to board the ship. They eventually aborted their attempt and escaped. The ship master was advised to report incident immediately to BCG and port control."
102,1° 43.29' N,101° 25.72' E,"While anchored, duty security patrol onboard the tanker NA 2024 TANKER (Ports/Anchorages) Indonesia noticed five perpetrators attempting to board the ship. The OOW was immediately notified and the alarm was raised, resulting in the perpetrators aborting and moving away. Nothing was stolen. The incident was reported to the port control and the pilot station."
103,1° 3.74' N,103° 41.78' E,"While underway, the crew saw five perpetrators armed with 3 Theft 2024 CARRIER & Singapore nm from Pulau Sailing knives in the engine room. The master raised the alarm, Cula, (Indonesia), mustered the crew and reported the incident to Singapore in the eastbound VTIS. lane of the TSS A search onboard the ship was conducted and completed at 0430 hrs, with some engine spare parts found missing. All crew members were accounted for, and no injuries were reported. Safety navigational broadcast was initiated. The RSN’s MSTF and Singapore PCG were notified of the incident. Information was shared with the Indonesian authority. The Singapore PCG conducted a search upon the ship's arrival at Singapore anchorage, and confirmed that no perpetrators were onboard."
104,1° 4' N,103° 40' E,"While underway, the crew saw six perpetrators armed with 3 Theft 2024 CARRIER & Singapore 3.14 nm from Sailing knives at the stern. The master raised the alarm, mustered Pulau Cula, the crew and reported the incident to Singapore VTIS. (Indonesia), in the eastbound lane of All crew members were accounted for, and no injuries were the TSS reported. Some engine spare parts were stolen. The master indicated that no further assistance was required, and continued its journey to Fang Cheng, China. Safety navigational broadcast was initiated. The RSN’s MSTF and Singapore PCG were notified of the incident. Information was shared with the Indonesian authority."
105,1° 42.31' N,101° 29.62' E,"While anchored, three perpetrators armed with guns and 2 withheld Theft 2024 CARGO SHIP (Ports/Anchorages) Indonesia knives boarded the general cargo ship. They took the duty engine crew as hostage and tied his hands. The perpetrators stole ship engine spare parts and escaped. The duty crew managed to alert the OOW who raised the alarm and the crew mustered. A search onboard the ship was carried out, with no perpetrators found onboard. The incident was reported to Port Facility Security Officer via the local agent."
106,1° 3.2' N,103° 40.5' E,"While underway, the master was alerted by the 3rd Engineer 2 Queen Theft 2024 CARRIER & Singapore 2.36 nm from Sailing to five perpetrators armed with long knives in the engine Pulau Cula, room. The 3rd Engineer was tied up by the perpetrators but (Indonesia), in the managed to alert the bridge about the incident. eastbound lane of the TSS The master sounded the general alarm immediately, and the crew conducted a thorough search onboard the ship. However, the perpetrators had already escaped. Some generator spare parts were reported missing and the 3rd Engineer, who was punched on the forehead, suffered minor injury. The ship was underway to Singapore for bunkering, and the Singapore PCG conducted a search upon the ship’s arrival in Singapore."
107,1° 21.3' S,116° 59.7' E,"While anchored, the OOW noticed a green light during anchor NA Oldendorff 2024 CARRIER (Ports/Anchorages) Anchorage, watch, and informed both forward & aft watchmen on deck Indonesia during their deck round. The forward watchman proceeded from main deck to the forecastle on port side immediately. He reported that the light was not moving, and resumed his security round on forecastle to starboard side. About 10 min later, the forward watchman noticed a man onboard a skiff close to the anchor cable, and another man climbing up the anchor chain. The bridge was informed immediately via VHF and the forward watchman shouted at the men. The OOW raised the alarm and sounded the forward whistle. Realising the crew was alerted, the two men escaped immediately. The local Indonesian authority subsequently conducted an investigation."
